onset	duration
15.21760225	24
41.71947851	24
68.00449947	24
94.28994232	24
122.0747093	24
148.609626	24
178.3788062	24
204.7976026	24
236.5326665	24
265.2009377	24
296.7038342	24
327.4222837	24