onset	duration
15.24124886	24
41.64303874	24
67.894865	24
96.61264016	24
123.0816438	24
149.6173698	24
179.4855116	24
209.9046149	24
237.0893277	24
262.9580155	24
291.12607	24
317.92875	24