onset	duration
7.028189559	24
33.22978428	24
61.34787371	24
87.00004221	24
118.4693587	24
145.7536144	24
173.3887519	24
199.3909639	24
225.3260563	24
254.6785932	24
281.6795788	24
308.9151536	24