onset	duration
7.026643516	24
33.2280091	24
61.34678694	24
86.99824016	24
118.4678924	24
145.7529149	24
173.3880116	24
199.3894382	24
225.3250993	24
254.6766674	24
281.6788697	24
308.9138676	24