onset	duration
15.22362926	24
41.09247293	24
68.3440849	24
94.49608794	24
124.6149807	24
152.2169325	24
178.1517805	24
204.3362526	24
230.1883163	24
256.7400198	24
288.4422036	24
314.4941245	24