onset	duration
15.24281089	24
41.71049944	24
67.96240359	24
94.24798172	24
122.0660454	24
148.6008001	24
178.386787	24
204.7717126	24
236.5408831	24
265.2096556	24
296.7120017	24
327.4302591	24