onset	duration
7.277177035	24
33.46248297	24
59.4142481	24
89.75024231	24
115.6848803	24
142.3366824	24
173.0557513	24
201.7240554	24
228.6922992	24
254.5610424	24
280.4126261	24
310.3317645	24