onset	duration
7.238460109	24
33.107389	24
60.37608191	24
86.5609568	24
116.6799353	24
144.2820134	24
170.1996889	24
196.3854238	24
222.2370746	24
248.7718506	24
280.4411409	24
306.4923939	24