onset	duration
7.255872912	24
33.44062863	24
59.40926329	24
89.7273794	24
115.6631693	24
142.2818537	24
173.0000613	24
201.6520414	24
228.6039696	24
254.472751	24
280.3573559	24
310.2765734	24