onset	duration
7.247990689	24
33.15024039	24
60.43468103	24
86.58621093	24
116.7054072	24
144.3243054	24
170.2590181	24
196.4276662	24
222.2957741	24
248.8306024	24
280.5163143	24
306.5682052	24