onset	duration
7.056396978	24
33.00761564	24
58.7264386	24
88.81175403	24
114.5138268	24
140.9159455	24
171.4011667	24
199.8359485	24
226.5718212	24
252.20629	24
277.84114	24
307.543254	24