onset	duration
7.033083858	24
33.18531584	24
59.22032525	24
87.6713289	24
113.9240246	24
140.2414954	24
169.8774367	24
200.063098	24
227.0149126	24
252.6493805	24
280.5849879	24
307.153425	24