onset	duration
7.241407098	24
33.62626179	24
59.87888209	24
88.58068234	24
115.0654833	24
141.6337406	24
171.5028534	24
201.954747	24
229.1395223	24
255.0253883	24
283.2103197	24
310.0126962	24