onset	duration
15.233231	24
41.65089273	24
69.98693815	24
95.85569092	24
127.5578046	24
155.0756913	24
182.9445915	24
209.1793365	24
235.3312467	24
264.9169617	24
292.1346664	24
319.636791	24