onset	duration
15.22288055	24
41.09159234	24
68.34346375	24
94.49522847	24
124.6304613	24
152.2326797	24
178.1670252	24
204.3358574	24
230.2046441	24
256.7561796	24
288.4246574	24
314.4933099	24