onset	duration
7.220644132	24
33.62250329	24
59.90730751	24
88.59311889	24
115.0778469	24
141.6466344	24
171.4992394	24
201.9177574	24
229.1024347	24
254.9542218	24
283.1060682	24
309.8919475	24