onset	duration
7.220205188	24
33.63859015	24
61.97365802	24
87.84221475	24
119.5443532	24
147.0631678	24
174.9318932	24
201.166797	24
227.3344719	24
256.904181	24
284.1225885	24
311.6241445	24