onset	duration
15.22605988	24
41.61080982	24
67.87953835	24
96.54727711	24
123.0332995	24
149.5850687	24
179.4370502	24
209.8551471	24
237.0239892	24
262.9088105	24
291.0608021	24
317.8627004	24