onset	duration
15.23480949	24
41.10295584	24
68.35477188	24
94.50734219	24
124.6256559	24
152.2276176	24
178.1793348	24
204.3479096	24
230.1998802	24
256.7516857	24
288.4540218	24
314.5057755	24