onset	duration
7.218850115	24
33.60336049	24
59.85564911	24
88.55762185	24
115.0424026	24
141.5944793	24
171.4632277	24
201.8814963	24
229.0673077	24
254.9349513	24
283.1037628	24
309.9056935	24