onset	duration
15.22954155	24
41.64838005	24
69.98329382	24
95.8523422	24
127.5372456	24
155.0719921	24
182.9239842	24
209.1599705	24
235.3442903	24
264.9295756	24
292.1814455	24
319.6502353	24