onset	duration
7.255627666	24
33.44018103	24
59.37587144	24
89.71099532	24
115.6457841	24
142.2976168	24
173.0167152	24
201.6853644	24
228.6370636	24
254.505305	24
280.3740972	24
310.3092451	24