onset	duration
7.031729887	24
33.28311413	24
59.31904597	24
85.38740589	24
112.9560609	24
139.2741797	24
168.8094963	24
194.977789	24
226.4961218	24
254.9478816	24
286.2168561	24
316.7193465	24