onset	duration
15.23096248	24
41.69982906	24
67.95147366	24
94.25339623	24
122.0388213	24
148.5739917	24
178.3260534	24
204.7109064	24
236.4634646	24
265.132062	24
296.634182	24
327.3525215	24