onset	duration
15.21043239	24
41.07934464	24
68.34796619	24
94.5158018	24
124.6349106	24
152.2368355	24
178.171953	24
204.3732641	24
230.2421312	24
256.7939546	24
288.4624509	24
314.5311103	24