onset	duration
15.25966922	24
41.42804005	24
67.38018595	24
97.68197335	24
123.6178717	24
150.2364993	24
180.9877171	24
209.6396501	24
236.5914706	24
262.4602071	24
288.3449854	24
318.2808978	24