onset	duration
7.027650846	24
33.17989399	24
59.21548994	24
87.6664643	24
113.9181879	24
140.2373474	24
169.8717578	24
200.0575341	24
227.0097635	24
252.6447601	24
280.5798125	24
307.1478986	24