onset	duration
9.248252773	24
35.43262026	24
61.40152169	24
91.70429748	24
117.621936	24
144.240677	24
174.94283	24
203.5942886	24
230.5460271	24
256.3983573	24
282.2332201	24
312.1690881	24