onset	duration
7.220404621	24
33.5901097	24
59.84180559	24
88.51050824	24
114.9781241	24
141.5467203	24
171.3985637	24
201.8015121	24
228.9701548	24
255.8216458	24
283.9734813	24
310.7581751	24