onset	duration
15.22117472	24
41.07294516	24
68.3418542	24
94.49378587	24
124.6127064	24
152.2136294	24
178.1321477	24
204.3010765	24
230.1528028	24
256.7207347	24
288.390017	24
314.4256127	24