onset	duration
15.27331863	24
41.45920128	24
67.39414103	24
97.69613931	24
123.6308207	24
150.2497037	24
180.9678035	24
209.653438	24
236.6056292	24
262.4734181	24
288.325042	24
318.2772103	24