onset	duration
15.21124554	24
41.67907635	24
67.93087258	24
94.21636685	24
122.0015372	24
148.5366143	24
178.2884093	24
204.6741323	24
236.4093372	24
265.1112549	24
296.6130952	24
327.3327413	24