onset	duration
7.226501552	24
33.64440004	24
61.98011442	24
87.86479568	24
119.5500125	24
147.0518484	24
174.9378695	24
201.1897071	24
227.374252	24
256.9432151	24
284.1611385	24
311.6299277	24