onset	duration
7.220858223	24
33.69001324	24
59.94195642	24
86.22666285	24
114.0454176	24
140.5801932	24
170.3492282	24
196.7339771	24
228.4702381	24
257.1382894	24
288.6402779	24
319.3592625	24