onset	duration
15.22932679	24
41.66416305	24
69.99890566	24
95.8846873	24
127.5699016	24
155.0718313	24
182.9397111	24
209.1755017	24
235.3443949	24
264.9464928	24
292.1641948	24
319.6329674	24