onset	duration
15.22680678	24
41.11247802	24
68.36434555	24
94.51618369	24
124.6343207	24
152.2531478	24
178.1721272	24
204.3399227	24
230.2254053	24
256.7762366	24
288.4453702	24
314.5140775	24