onset	duration
15.26069876	24
41.42854988	24
67.39702471	24
97.7162793	24
123.6509705	24
150.2697211	24
180.9879445	24
209.6398792	24
236.5917509	24
262.460414	24
288.3118787	24
318.2312552	24