onset	duration
15.22878759	24
41.64761261	24
70.01661878	24
95.91835087	24
127.603133	24
155.1051898	24
182.9735248	24
209.2090261	24
235.3605457	24
264.9458283	24
292.1816085	24
319.6667581	24