onset	duration
15.29422857	24
41.46278398	24
67.43079972	24
97.73391087	24
123.6685175	24
150.3035087	24
181.0054061	24
209.6745786	24
236.6264086	24
262.5283628	24
288.4126608	24
318.3650155	24