onset	duration
15.21842714	24
41.68630293	24
67.93875231	24
94.22319921	24
122.0418354	24
148.5940798	24
178.3785859	24
204.7639414	24
236.5165974	24
265.2187517	24
296.7207848	24
327.4399177	24